Model,MAE,RMSE,R2
Prophet,21131.49452026219,26120.25823667446,0.03540673750813106
