Model,MAE,RMSE,R2
XGB,1941291069.5077543,44060.08476509951,-0.10071870819655326
